<?xml version="1.0" encoding="UTF-8"?>
<books>
	<book>
		<subject>소설</subject>
		<title>해질무렵</title>
		<author>황석영</author>
	</book>
	<book>
		<subject>소설</subject>
		<title>소나기</title>
		<author>황순원</author>
	</book>
	<book>
		<subject>소설</subject>
		<title>안나카레니나</title>
		<author>톨스토이</author>
	</book>
	<book>
		<subject>프로그래밍</subject>
		<title>자바</title>
		<author>이순신</author>
	</book>
	<book>
		<subject>프로그래밍</subject>
		<title><![CDATA[jsp&servlet]]></title>
		<author>홍길동</author>
	</book>
	<book>
		<subject>만화</subject>
		<title><![CDATA[원피스 <<<<<&&&&&&&&<<<<<<<<<<]]></title>
		<author>루피</author>
	</book>
	<book>
		<subject>만화</subject>
		<title>나루토</title>
		<author>나루토</author>
	</book>
</books>